{"cameraMode":{"drawMode":0,"name":"Shaded","section":"Shading Mode"},"sceneLighting":true,"audioPlay":false,"sceneViewState":{"showFog":true,"showMaterialUpdate":false,"showSkybox":true,"showFlares":true,"showImageEffects":true,"showParticleSystems":true},"in2DMode":false,"pivot":{"x":0.5008158683776856,"y":0.22378742694854737,"z":0.16655941307544709},"rotation":{"x":-0.11842698603868485,"y":0.8272333145141602,"z":-0.19012881815433503,"w":-0.5152986645698547},"size":0.08660256862640381,"orthographic":false}